Column1,Column10
,
,Date of Birth
1,15-09-2018
10,09-05-2017
11,28-08-2018
12,23-10-2017
13,16-09-2017
14,18-09-2018
15,07-05-2017
16,23-05-2017
17,18-03-2017
18,24-03-2017
19,23-12-2016
2,11-09-2018
20,29-03-2017
21,09-01-2018
22,05-08-2017
23,23-03-2018
24,23-03-2018
25,26-07-2018
26,16-01-2019
27,14-05-2019
28,02-11-2019
29,02-09-2019
3,23-09-2018
30,25-07-2020
31,17-07-2020
32,23-01-2020
33,02-01-2021
34,28-02-2021
35,02-12-2019
36,05-04-2021
37,12-10-2019
38,14-10-2020
39,20-06-2019
4,12-09-2018
40,09-06-2019
41,03-12-2018
42,05-10-2019
43,20-12-2019
44,29-08-2019
45,29-08-2019
46,29-11-2019
47,15-07-2019
48,15-07-2019
49,12-09-2020
5,03-10-2018
50,23-11-2020
51,12-10-2020
52,06-05-2019
53,04-01-2021
54,31-12-2019
55,07-07-2019
56,02-06-2021
57,04-11-2021
58,13-09-2021
59,30-10-2021
6,01-09-2017
60,30-10-2021
61,28-10-2021
62,20-11-2021
63,28-06-2021
64,10-08-2021
65,10-11-2021
66,07-07-2021
67,13-12-2021
68,03-12-2021
7,28-03-2017
8,24-03-2017
9,09-04-2017
Growth Monitoring - (Proforma-II),
S.No,
